AMC;OLEFINAS I;180-C;Enfriador 1era etapa 181-J;TUBO/CARCASA;Gas de proceso;97,6;40,6;117223;117223;114490;0;2733;Cambio de Fase Parcial;2,09;0,4;0,35;0.000220;Agua enfriamiento;33,3;40,3;697188;0;0;697188;697188;Sin Cambio de Fase;4,49;0,8;0,8;0.000294;;5657,7;;1405;738;11;25,4;1193;SA-516-70;SA-179;"14""-150#RF";"14""-150#RF";"2-20""-150#RF";"26""-150#RF";Liso;31,75;Kellog;Semi-cr¡tico;1;1;AJS
AMC;OLEFINAS I;181-C;Enfriador 2da etapa 181-J;TUBO/CARCASA;Gas de proceso;95,5;40,6;114699;114699;113296;0;1403;Cambio de Fase Parcial;4,57;0,9;0,3;0.000220;Agua enfriamiento;33,3;40,3;534021;0;0;534021;534021;Sin Cambio de Fase;4,49;0,75;0,75;0.000294;;4347,583;;579;980;10;19,05;1016;SA-516-70;SA-179;"10""-150#RF";"10""-150#RF";"2-16""-150#RF";"20""-150#RF";Liso;23,8;Kellog;Semi-cr¡tico;1;1;AJS
AMC;OLEFINAS I;182-C;Enfriador 3era etapa 181-J;TUBO/CARCASA;Gas de proceso;96,8;40,6;114311;114311;113179;0;1127;Cambio de Fase Parcial;8,82;0,62;0,2;0.000220;Agua enfriamiento;33,3;40,3;528988;0;0;528988;528988;Sin Cambio de Fase;1,63;0,7;0,55;0.000294;;4248,1;;579;1352;7,315;19,05;1194;SA-516-70;SA-179;"10""-150#RF";"10""-150#RF";"2-14""-150#RF";"18""-150#RF";Liso;23,8;Kellog;Semi-cr¡tico;1;1;AJS
AMC;OLEFINAS I;183-C A;Rehervidor C3 splitter;TUBO/CARCASA;Hidrocarburos;-;;593160;0;207606;593160;38554;Cambio de Fase Parcial;19,72;-;;0.000222;Agua Quench;-;;378828;0;0;378828;378828;Sin Cambio de Fase;5,98;0,7;0,4;0.000352;;15975;;939;866;6096;19;864;SA-516-70;SA 214;"8""-300#RF";"8""-300#RF";"2-10""-300#RF";"2-12""-300#RF";Liso;23,8;Kellog;No-cr¡tico;1;3;AXS
AMC;OLEFINAS I;183-C B;Rehervidor C3 splitter;TUBO/CARCASA;Hidrocarburos;-;;593160;0;207606;593160;38554;Cambio de Fase Parcial;20,72;-;;0.000223;Agua Quench;-;;378828;0;0;378828;378828;Sin Cambio de Fase;5,98;0,7;0,4;0.000353;;15975;;939;866;6096;19;864;SA-516-71;SA 215;"8""-300#RF";"8""-300#RF";"2-10""-300#RF";"2-12""-300#RF";Liso;24,8;Kellog;No-cr¡tico;1;3;AXS
AMC;OLEFINAS I;183-C C;Rehervidor C3 splitter;TUBO/CARCASA;Hidrocarburos;-;;593160;0;207606;593160;38554;Cambio de Fase Parcial;21,72;-;;0.000224;Agua Quench;-;;378828;0;0;378828;378828;Sin Cambio de Fase;5,98;0,7;0,4;0.000354;;15975;;939;866;6096;19;864;SA-516-72;SA 216;"8""-300#RF";"8""-300#RF";"2-10""-300#RF";"2-12""-300#RF";Liso;25,8;Kellog;No-cr¡tico;1;3;AXS
AMC;OLEFINAS I;101-C;Vaporizador Propano;TUBO/CARCASA;Propano;18,5;18,5;61999;9766;43950;52233;18049;Cambio de Fase Parcial;7,93;0,02;0,015;0.00022;Propileno;63.4;26;29654;29654;0;0;29654;Cambio de Fase Total;11,82;0,03;0,01;0.00018;;3333240;;783;1837;7,315;19;1295;CS;CS;"10""-150#RF";"6""-150#RF";"2-6""-150#RF";"3-10""-150#RF";Liso;23,8;Kellog;Semi-cr¡tico;1;1;BJM
AMC;OLEFINAS I;204-C A;Enfriador reflujo pirolisis;TUBO/CARCASA;Agua enfriamiento;33,3;40,3;3370,36;0;0;3370,36;3370,36;Sin Cambio de Fase;4,49;0,7;0,7;0.000294;Agua Proceso;77,1;40,6;630000;0;0;630000;630000;Sin Cambio de Fase;4,14;0,5;0,25;0.000352;;27438,7;;2325;1797;7,315;-;14930;SA-516-70;SA 214;"8""-150#RF";"8""-150#RF";"18""-150#RF";"18""-150#RF";Liso;-;Kellog;No-cr¡tico;1;3;AET
AMC;OLEFINAS I;204-C B;Enfriador reflujo pirolisis;TUBO/CARCASA;Agua enfriamiento;33,3;40,3;3370,36;0;0;3370,36;3370,36;Sin Cambio de Fase;4,49;0,7;0,7;0.000295;Agua Proceso;77,1;40,6;630000;0;0;630000;630000;Sin Cambio de Fase;4,14;0,5;0,25;0.000353;;27438,7;;2325;1797;7,315;-;14931;SA-516-71;SA 215;"8""-150#RF";"8""-150#RF";"18""-150#RF";"18""-150#RF";Liso;-;Kellog;No-cr¡tico;1;3;AET
AMC;OLEFINAS I;204-C C;Enfriador reflujo pirolisis;TUBO/CARCASA;Agua enfriamiento;33,3;40,3;3370,36;0;0;3370,36;3370,36;Sin Cambio de Fase;4,49;0,7;0,7;0.000296;Agua Proceso;77,1;40,6;630000;0;0;630000;630000;Sin Cambio de Fase;4,14;0,5;0,25;0.000354;;27438,7;;2325;1797;7,315;-;14932;SA-516-72;SA 216;"8""-150#RF";"8""-150#RF";"18""-150#RF";"18""-150#RF";Liso;-;Kellog;No-cr¡tico;1;3;AET
AMC;OLEFINAS I;208-C;Enfriador 4ta etapa compresor 181-J;TUBO/CARCASA;Gas de proceso;98,2;40,5;113392;113392;112347;0;1045;Cambio de Fase Parcial;18,62;0,35;0,2;0.00022;Agua enfriamiento;33,3;40,6;501700;0;0;501700;501700;Sin Cambio de Fase;1,8;0,7;0,65;0.000294;;4245,227;;514;1194;7,315;19,05;990;SA-516-70;SA 214;"10""-150#RF";"10""-150#RF";"2-12""-300#RF";"16""-300#RF";Liso;23,8;Kellog;Semi-cr¡tico;1;1;AJS
AMC;OLEFINAS I;210-C;Enfriador 5ta etapa compresor 181-J;TUBO/CARCASA;Gas de proceso;104,5;40,5;110246;110246;110246;0;0;Sin Cambio de Fase;37,61;0,62;0,25;0.00022;Agua enfriamiento;33,3;40,3;58080;0;0;58080;58080;Sin Cambio de Fase;4,49;0,75;0,55;0.000294;;4543,6;;367;857;7,315;19,05;889;SA-516-70;SA 179;"10""-150#RF";"10""-150#RF";"2-10""-300#RF";"12""-300#RF";Liso;23,8;Kellog;Semi-cr¡tico;1;1;AJS
AMC;OLEFINAS I;213-C;Enfriador efluente convertidor acetileno;TUBO/CARCASA;Gas de proceso;112,7;40,6;106988;106988;106988;0;0;Sin Cambio de Fase;16,39;0,5;0,5;0.00022;Agua enfriamiento;33,3;40,3;572009;0;0;572009;572009;Sin Cambio de Fase;4,49;0,55;0,55;0.000294;;4656,8;;384;1080;6,096;19,05;1090;SA-516-70;SA 214;"12""-150#RF";"12""-150#RF";"18""-150#RF";"18""-150#RF";Liso;23,8;Kellog;Semi-cr¡tico;1;1;AES
AMC;OLEFINAS I;301-C;Generador de vapor de diluc¡¢n;TUBO/CARCASA;Vapor de diluc¢n;179;179;153273;0;45982;153273;107291;Cambio de Fase Parcial;8.99;0.23;0.11;0.00018;Vapor de alta presi¢n;326;200;41225;41225;41225;0;0;Sin Cambio de Fase;14.79;0.20;0.16;0.0009;;25756,111;;855,2;988;7,315;19,05;1372;SA-516-70;SA 214;"12""-600#RF";"6""-600#RF";"2-6""-150#RF";"2-16""-150#RF";Liso;25.4;Kellog;No-cr¡tico;1;1;BXU
AMC;OLEFINAS I;302-C;Calentador de vapor de diluc¡¢n;TUBO/CARCASA;Vapor de diluc¢n;371;206;3870;3870;3870;0;0;Sin Cambio de Fase;15.24;0.25;0.12;0.0009;Vapor de alta presi¢n;179;190;49707;49707;49707;0;0;Sin Cambio de Fase;8.94;0.35;0.20;0.00018;;416,655;;33,8;145;2,44;31.75;559;SA-516-70;SA 214;"12""-300#RF";"12""-300#RF";"4""-600#RF";"4""-600#RF";Liso;39.7;Kellog;No-cr¡tico;1;1;BEM
AMC;OLEFINAS I;303-C;Purga de vapor de diluci¢n/ Intercambiador de condensados;TUBO/CARCASA;Purga de condensado;179;106;4603;4603;4603;0;0;Sin Cambio de Fase;-;0.35;0.02;0.00018;Condensado de proceso;89;101;26692;26692;26692;0;0;Sin Cambio de Fase;-;0.35;0.12;0.000294;;397,222;;13,3;94;2,44;19,05;-;SA-106-GR B;SA 214;"4""-150#RF";"4""-150#RF";"2""-150#RF";"2""-150#RF";Liso;25.4;Kellog;No-cr¡tico;1;1;AES
AMC;OLEFINAS I;304-C;Enfriador purga de vapor de diluci¢n;TUBO/CARCASA;Purga de condensado;106,8;40,6;4603;4603;4603;0;0;Sin Cambio de Fase;-;0.35;0.02;0.00019;Agua de enfriamiento;33,3;40,3;43673;0;0;43673;43673;Sin Cambio de Fase;-;0.35;0.31;0.00019;;355,556;;32,2;112;4,88;19,05;-;SA-106-GR B;SA 214;"4""-150#RF";"4""-150#RF";"2""-150#RF";"1 1/2""-150#RF";Liso;25.5;Kellog;No-cr¡tico;1;1;AES
AMC;OLEFINAS I;2115-C;Cold Relief heater;TUBO/CARCASA;Vapor de alivio frio(Etileno);-66;1;58000;58000;58000;0;0;Sin Cambio de Fase;1.39;0.30;0.30;0.000176;Vapor;138,3;138,3;2607;2607;2607;0;0;Sin Cambio de Fase;2.42;-;0.18;0.00008;;1555,51;;63,8;192;4,267;25.4;610;SA-240-304;SA-249-TP304 ;"6""-150#RF";"2""-150#RF";"2-18""-150#RF";"2-18""-150#RF";Liso;33.78;Kellog;Semi-cr¡tico;1;1;-
AMC;OLEFINAS I;103-CH I;Quench gases de pirolisis;TUBO/CARCASA;Agua saturada;500;500;*;*;*;*;*;Sin Cambio de Fase;45,51;-;;0.0005;Efluente horno pirolisis;1550;*;39000;39000;39000;0;0;Sin Cambio de Fase;1.17;-;;0.0005;;*;;*;*;11,5;-;489;CS;SA 312 T12;*;*;"1ï 10""";"1ï12""";Liso;-;Kellog;No-cr¡tico;-;1;QUENCH BOILER
AMC;OLEFINAS I;140-C A;Vaporizador alimentaci¢n del hidrogenador;TUBO/CARCASA;HC;33;34,8;12660;552;12660;12108;*;Cambio de Fase Parcial;11,04;-;;0.00052;Vapor ;138,3;138,3;1837;*;*;*;*;Sin Cambio de Fase;2,44;0,13;0,2;0.000176;;1096,4;;25;34;6,096;19;685;CS;CS;"4""-150#RF";"1 1/2""-150#RF";"4""-150#RF";"6""-150#RF";Tubo en U;25.4;INDUSTRIAS METALURGIAS VAN DAM;No-cr¡tico;1;1;BKU
AMC;OLEFINAS I;140-C B ;Vaporizador alimentaci¢n del hidrogenador;TUBO/CARCASA;HC;33;34,8;12660;552;12660;12108;*;Cambio de Fase Parcial;11,04;-;;0.00052;Vapor ;138,3;138,3;1837;*;*;*;*;Sin Cambio de Fase;2,44;0,13;0,2;0.000176;;1096,4;;25;34;6,096;19;685;CS;CS;"4""-150#RF";"1 1/2""-150#RF";"4""-150#RF";"6""-150#RF";Tubo en U;25.4;INDUSTRIAS METALURGIAS VAN DAM;No-cr¡tico;1;1;BKU
AMC;OLEFINAS I;141-C;Supercalentador alimentaci¢n del hidrogenador;TUBO/CARCASA;Vapor;398,9;254;4535;*;*;*;*;Sin Cambio de Fase;41,39;0,04;0,04;0.00088;Hidrocarburo;59,8;260;19151;*;*;*;*;Sin Cambio de Fase;11,08;0.07;0,07;0.000352;;2520,207;;103;290;6096;19;489;SA 515-70;SA 179;"8""-600#RF";"8""-600#RF";"3""-600#RF";"2""-600#RF";Liso;23,8;Kellogg;No-cr¡tico;1;1;AES
AMC;OLEFINAS I;113-C;Enfriador de alimentaci¢n al secador;TUBO/CARCASA;Propileno;10.2;10;20887;4770;20887;16117;*;Cambio de Fase Parcial;6,75;0,03;0,05;;Gas de proceso;40,6;18,9;107062;107062;105118;*;1657;Cambio de Fase Parcial;15.12;0,7;0,7;;;1643,009;;214;598;6096;19;;SA 516-70;SA 214;"16""-300#RF";"16""-300#RF";"8""-150#RF";"2 X 6""-150#RF";Liso;23,8;Kellogg;Semi-cr¡tico;1;1;BJM
AMC;OLEFINAS I;156-C;Precalentador de Desaireado;TUBO/CARCASA;Alimentaci¢n de agua para caldera;49,4;68,3;130189;*;*;*;*;Sin Cambio de Fase;3,45;1,2;0,56;0,00088;Agua de proceso;77,1;72,5;52292;*;*;*;*;Sin Cambio de Fase;5,52;0,3;0,3;0,000176;;2870,5;;193,4;539;6096;19,05;635;CS;CS;"16""-150#RF";"16""-150#RF";"6""-150#RF";"6""-150#RF";Liso;23,81;Kellogg;No-cr¡tico;1;1;NEN
AMC;OLEFINAS I;102-C;Super calentador de alimentaci¢n de propano;TUBO/CARCASA;Vapor;138,3;138,3;4655;*;*;*;*;Sin Cambio de Fase;2,44;0,02;0,012;0,00088;Propano;18,5;46;61999;43950;61999;18049;*;Cambio de Fase Parcial;6,94;0,45;0,42;0,00022;;2775,2;;39,8;225;3048;19;23,8;CS;Acero soldado;"10""-150#RF";"12""-150#RF";"8""-150#RF";"3""-150#RF";Liso;23,8;Kellogg;Semi-cr¡tico;1;1;BEM
AMC;OLEFINAS I;105-C A;Enfiramiento recirculaci¢n a la 101-E;TUBO/CARCASA;Agua de enfriamineto;40,3;46,1;1342514;*;*;*;*;Sin Cambio de Fase;3,45;0,69;0,23;0,000294;Agua de proceso;80;65,6;522877;*;*;*;*;Sin Cambio de Fase;4,83;0,14;0,14;0,000352;;9055,9;;386,4;449;7315;19,05;737;CS;CS;"12""-150#RF";"12""-150#RF";"16""-150#RF";"16""-150#RF";Liso;25,4;Kellogg;No-cr¡tico;2;1;AES
AMC;OLEFINAS I;105-C B;Enfiramiento recirculaci¢n a la 101-E;TUBO/CARCASA;Agua de enfriamineto;40,3;46,1;1342514;*;*;*;*;Sin Cambio de Fase;3,45;0,69;0,23;0,000294;Agua de proceso;80;65,6;522877;*;*;*;*;Sin Cambio de Fase;4,83;0,14;0,14;0,000352;;9055,9;;386,4;449;7315;19,05;737;CS;CS;"12""-150#RF";"12""-150#RF";"16""-150#RF";"16""-150#RF";Liso;25,4;Kellogg;No-cr¡tico;2;1;AES
AMC;OLEFINAS I;116-C;Intercambiador de regeneraci¢n del secador;TUBO/CARCASA;Hidrocarburo;14;195,2;12800;12800;12800;*;*;Sin Cambio de Fase;5,19;0,2;0,09;0.0001761;Hidrocarburo;272;106,7;12800;12800;12800;*;*;Sin Cambio de Fase;4,62;0,2;0,09;0.0001762;;1643,9;;109;382;4877;19;-;CS;CS;"12""-150#RF";"10""-150#RF";"10""-150#RF";"12""-150#RF";Liso;23,8;Kellogg;Semi-cr¡tico;1;1;BEM
AMC;OLEFINAS I;117-C;Enfriador de la regeneraci¢n del secador;TUBO/CARCASA;Hidrocarburo;106,7;40,6;12800;12800;12800;*;*;Sin Cambio de Fase;4,37;0,2;0,1;0.0001762;Agua de Enfriamiento;33,3;40,3;71980;*;*;*;*;Sin Cambio de Fase;4,49;0,35;0,05;0.000352;;583;;138;482;4877;19;635;CS;CS;"6""-150#RF";"6""-150#RF";"TWO-8""-150#RF";"10""-150#RF";Liso;23,86;Kellogg;Semi-cr¡tico;1;1;AJS
AMC;OLEFINAS I;132-C;Enfriador de Dripoleno;TUBO/CARCASA;Dripoleno;95,1;40,6;3861,9;*;*;3861,9;3861,9;Sin Cambio de Fase;3,49;0,7;0,08;0,00022;Agua de enfriamiento;33,3;40,3;15514,8;*;*;*;*;Sin Cambio de Fase;4,5;0,7;0,6;0,000294;;120162;;24,4;7;6096;22,23;-;CS;CS;"2-1/2"" 2-B.W";"2-1/2"" 2-B.W";"2-1/2"" 2-BOLT";"2-1/2"" 2-BOLT";Horquilla;-;Kellogg;Semi-cr¡tico;1;1;Tuberia doble
AMC;OLEFINAS I;139-C;Rehervidor del separador de Dripoleno;TUBO/CARCASA;Vapor;138,3;138,3;49;*;*;*;*;Sin Cambio de Fase;2,43;-;NIL;0.00088;Hidrocarburo;90,3;95,1;14129;*;14129;14129;13826;Cambio de Fase Parcial;1,27;-;0,51;0.000329;;2939,1;;18;105;3048;19;23,8;SA 106-B;SA214;"4""-150#RF";"4""-150#RF";"2""-150#RF";"1""-150#RF";Liso;23,8;Kellogg;No-cr¡tico;1;1;NEN
AMC;OLEFINAS I;143-C 1A;C3 splitter condenser;TUBO/CARCASA;Propileno;46.7;45.8;284196;284196;0;0;284196;Cambio de Fase Total;18,07;0,35;0,04;0.000176;Agua Enfriamiento;33.3;40,3;2809,144;0;0;2809,144;2809,144;Sin Cambio de Fase;4,49;0,7;0,08;0.000290;;22869,7;;3866;1800;9,144;-;1143;CS;CS;"17""-150#RF";"18""-150#RF";"16""-300#RF";"8""-150#RF";Liso ;-;Kellog;No-cr¡tico;2;2;NJN
AMC;OLEFINAS I;143-C 2A;C3 splitter condenser;TUBO/CARCASA;Propileno;46.7;45.8;284196;284196;0;0;284196;Cambio de Fase Total;18,07;0,35;0,04;0.000176;Agua Enfriamiento;33.3;40,3;2809,144;0;0;2809,144;2809,144;Sin Cambio de Fase;4,49;0,7;0,08;0.000290;;22869,7;;3866;1800;9,144;-;1143;CS;CS;"17""-150#RF";"18""-150#RF";"16""-300#RF";"8""-150#RF";Liso ;-;Kellog;No-cr¡tico;2;2;NJN
AMC;OLEFINAS I;143-C 1B;C3 splitter condenser;TUBO/CARCASA;Propileno;46.7;45.8;284196;284196;0;0;284196;Cambio de Fase Total;18,07;0,35;0,04;0.000176;Agua Enfriamiento;33.3;40,3;2809,144;0;0;2809,144;2809,144;Sin Cambio de Fase;4,49;0,7;0,08;0.000290;;22869,7;;3866;1800;9,144;-;1143;CS;CS;"17""-150#RF";"18""-150#RF";"16""-300#RF";"8""-150#RF";Liso ;-;Kellog;No-cr¡tico;2;2;NJN
AMC;OLEFINAS I;143-C 2B;C3 splitter condenser;TUBO/CARCASA;Propileno;46.7;45.8;284196;284196;0;0;284196;Cambio de Fase Total;18,07;0,35;0,04;0.000176;Agua Enfriamiento;33.3;40,3;2809,144;0;0;2809,144;2809,144;Sin Cambio de Fase;4,49;0,7;0,08;0.000290;;22869,7;;3866;1800;9,144;-;1143;CS;CS;"17""-150#RF";"18""-150#RF";"16""-300#RF";"8""-150#RF";Liso ;-;Kellog;No-cr¡tico;2;2;NJN
AMC;OLEFINAS I;112-C A;Alimentaci¢n Conv. Acetileno/ Efluente;TUBO/CARCASA;Efluente Convertidor;225;112,6;107046;0;;0;;Sin Cambio de Fase;16,62;0,32;0,1;0,00018;Gas frio de Proceso;40,6;195;107046;0;;0;;Sin Cambio de Fase;18,27;0,32;0,03;0,00018;;10666,368;;778;1089;6,096;19;940;CS;CS;"10""-150#RF";"10""-150#RF";"10""-150#RF";"10""-150#RF";Liso ;23,8;Kellog;No-cr¡tico;1;2;AES
AMC;OLEFINAS I;112-C B ;Alimentaci¢n Conv. Acetileno/ Efluente;TUBO/CARCASA;Efluente Convertidor;225;112,6;107046;0;;0;;Sin Cambio de Fase;16,62;0,32;0,1;0,00018;Gas frio de Proceso;40,6;195;107046;0;;0;;Sin Cambio de Fase;18,27;0,32;0,03;0,00018;;10666,368;;778;1089;6,096;19;940;CS;CS;"10""-150#RF";"10""-150#RF";"10""-150#RF";"10""-150#RF";Liso ;23,8;Kellog;No-cr¡tico;1;2;AES
AMC;OLEFINAS I;112-C C;Alimentaci¢n Conv. Acetileno/ Efluente;TUBO/CARCASA;Efluente Convertidor;225;112,6;107046;0;;0;;Sin Cambio de Fase;16,62;0,32;0,1;0,00018;Gas frio de Proceso;40,6;195;107046;0;;0;;Sin Cambio de Fase;18,27;0,32;0,03;0,00018;;10666,368;;778;1089;6,096;19;940;CS;CS;"10""-150#RF";"10""-150#RF";"10""-150#RF";"10""-150#RF";Liso ;23,8;Kellog;No-cr¡tico;1;2;AES
AMC;OLEFINAS I;125-C;Condensador desetanizador;TUBO/CARCASA;Propileno;-25,5;-25,5;34926;5197;34926;29729;0;Cambio de Fase Parcial;1,47;0,03;0,01;0.000180;Hidrocarburos;-15,7;-16,5;97170;97170;58898;0;38272;Cambio de Fase Parcial;21;0,34;0,25;0.000180;;3430;;1002;1877;9,144;19.05;1549;CS;CS;"10""-150#RF";"10""-150#RF";"2-10""-150#RF";"3-10""-150#RF";Liso ;23,8;Kellog;Semi-critico;1;1;BJM
AMC;OLEFINAS I;134-CA;Condensador Propileno;TUBO/CARCASA;Propileno;55,6;46;299783,4;299783,4;0;0;299783,4;Cambio de Fase Total;18,45;0,61;0,05;0.000176;Agua;33.3;40.3;3272745;0;0;3212745;3272745;Cambio de Fase Parcial;4,5;0,7;0,36;0,000294;;26645,85;;48966;3045;9,144;19;1448;SA 516-70;SA 214;"16""-150#RF";"16""-150#RF";"2-10""-300#RF";"10""-300#RF";Liso;23,8;Kellog;No-cr¡tico;1;3;NJN
AMC;OLEFINAS I;134-CB;Condensador Propileno;TUBO/CARCASA;Propileno;55,6;46;299783,4;299783,4;0;0;299783,4;Cambio de Fase Total;18,45;0,61;0,05;0.000176;Agua;33.3;40.3;3272745;0;0;3212745;3272745;Cambio de Fase Parcial;4,5;0,7;0,36;0,000294;;26645,85;;48966;3045;9,144;19;1448;SA 516-70;SA 214;"16""-150#RF";"16""-150#RF";"2-10""-300#RF";"10""-300#RF";Liso;23,8;Kellog;No-cr¡tico;1;3;NJN
AMC;OLEFINAS I;134-CC;Condensador Propileno;TUBO/CARCASA;Propileno;55,6;46;299783,4;299783,4;0;0;299783,4;Cambio de Fase Total;18,45;0,61;0,05;0.000176;Agua;33.3;40.3;3272745;0;0;3212745;3272745;Cambio de Fase Parcial;4,5;0,7;0,36;0,000294;;26645,85;;48966;3045;9,144;19;1448;SA 516-70;SA 214;"16""-150#RF";"16""-150#RF";"2-10""-300#RF";"10""-300#RF";Liso;23,8;Kellog;No-cr¡tico;1;3;NJN
AMC;OLEFINAS I;142-C;Ent.Hifrogenador/Efluente Hidrogenador;TUBO/CARCASA;Hidrocarburos caliente;399;186,4;47500;47500;47500;0;0;Sin Cambio de Fase;8,63;0,35;0,35;0.00022;Hidrocarburos frio;35;288;47500;47500;47500;0;0;Sin Cambio de Fase;10,01;0,35;0,35;0.00035;;8094,2;;486;680;6,096;19;737;SA 516-70;SA 179;"8""-300#RF";"8""-300#RF";"8""-300#RF";"8""-300#RF";Liso;23,8;Kellog;No-cr¡tico;1;2;AES
AMC;OLEFINAS I;144-C;Efriador alimentacion demetanizador;TUBO/CARCASA;Propileno;2,11;2;47286;12895;47286;34391;0;Cambio de Fase Parcial;5,15;0,02;0,01;0.0001;Gas de proceso;40,6;7;93122;93122;72728;0;20394;Cambio de Fase Parcial;36,21;-;0,11;0.000176;;3772;;452,7;1068;7,315;19;1143;CS;CS;"10""-300#RF";"10""-300#RF";"2-10""-150#RF";"3-8""-150#RF";Liso;23,8;Kellog;Semi-cr¡tico;1;1;BJM
AMC;OLEFINAS I;145-C;Efriador alimentacion demetanizador;TUBO/CARCASA;Propileno;-25,5;-25,7;39800;5810;39800;33990;0;Cambio de Fase Parcial;0,414773536;20394;49171;0.0001;Gas de proceso;7;-19;93122;72728;43954;20394;49168;Cambio de Fase Parcial;0,414765101;20394;49172;0.000176;;3920;;400;945;7,315;19;1244;CS;CS;"10""-300#RF";"10""-300#RF";"2-8""-150#RF";"3-8""-150#RF";Liso;23,8;Kellog;Semi-cr¡tico;1;1;BJM
AMC;OLEFINAS I;148-C;Efriador alimentacion demetanizador;TUBO/CARCASA;Etileno Refrigerante;-80;-80;27622;0;9198;27622;18424;Cambio de Fase Parcial;2,39;0,07;0,07;0.000176;Gas de proceso;-58;-75;31349;16857;10292;14492;21057;Cambio de Fase Parcial;35,22;0;0,04;0.000176;;1038960;;164;459;6,096;19;583;SA-240-304;SA-334-GR.3;"8""-300#RF";"8""-300#RF";"2-3""-150#RF";"2-6""-150#RF";Liso;23,8;Kellog;Semi-cr¡tico;1;1;BJM
AMC;OLEFINAS I;149-C;Efriador alimentacion demetanizador;TUBO/CARCASA;Etileno Refrigerante;-101;-101,1;5173;429;5173;4744;0;Cambio de Fase Parcial;0,16;0,02;0,01;0.000176;Gas de proceso;-79,7;-90,1;40950;12596;9910;28354;31040;Cambio de Fase Parcial;35,18;0,2;0,1;0.000176;;638;;78;278;4,877;19,05;787;304 SS;A-334-GR:3;"8""-300#RF";"8""-300#RF";"4""-150#RF";"6""-150#RF";Liso;23,81;Kellog;Semi-cr¡tico;1;1;BJM
AMC;OLEFINAS I;163-C;Efriador alimentacion demetanizador;TUBO/CARCASA;Pro¡leno Refrigerante;-40,3;-40,7;11250;459;11250;10491;0;Cambio de Fase Parcial;0,37;0,02;0,02;0.000176;Gas de proceso;-20;-34,4;61200;28214;20508;32985;40692;Cambio de Fase Parcial;35,52;0,25;0,19;0.000176;;1255,5;;204;725;4,877;19,05;914;SA-516-70;SA-334-GRI;"8""-300#RF";"8""-300#RF";"2-6""-150#RF";"3-6""-150#RF";Liso;23,81;Kellog;Semi-cr¡tico;1;1;BJM
AMC;OLEFINAS I;186-C 1A;Condensaor C3 splitter;TUBO/CARCASA;Propileno;46.7;45.8;198937;198937;0;0;198937;Cambio de Fase Total;18,41;0,34;0,17;0.000176;Agua enfriamiento;33.3;40.3;196401;0;0;196401;196401;Sin Cambio de Fase;4,49;0,5;0,44;0.000290;;16009,835;;2672;1237;9,144;19;940;SA-516-70;SA 214;"16""-150#RF";"16""-150#RF";"16""-300#RF";"16""-300#RF";Liso;23,8;Kellog;No-cr¡tico;2;2;NJM
AMC;OLEFINAS I;186-C 2A;Condensaor C3 splitter;TUBO/CARCASA;Propileno;46.7;45.8;198937;198937;0;0;198937;Cambio de Fase Total;18,41;0,34;0,17;0.000176;Agua enfriamiento;33.3;40.3;196401;0;0;196401;196401;Sin Cambio de Fase;4,49;0,5;0,44;0.000290;;16009,835;;2672;1237;9,144;19;940;SA-516-70;SA 214;"16""-150#RF";"16""-150#RF";"16""-300#RF";"16""-300#RF";Liso;23,8;Kellog;No-cr¡tico;2;2;NJM
AMC;OLEFINAS I;186-C 1B;Condensaor C3 splitter;TUBO/CARCASA;Propileno;46.7;45.8;198937;198937;0;0;198937;Cambio de Fase Total;18,41;0,34;0,17;0.000176;Agua enfriamiento;33.3;40.3;196401;0;0;196401;196401;Sin Cambio de Fase;4,49;0,5;0,44;0.000290;;16009,835;;2672;1237;9,144;19;940;SA-516-70;SA 214;"16""-150#RF";"16""-150#RF";"16""-300#RF";"16""-300#RF";Liso;23,8;Kellog;No-cr¡tico;2;2;NJM
AMC;OLEFINAS I;186-C 2B;Condensaor C3 splitter;TUBO/CARCASA;Propileno;46.7;45.8;198937;198937;0;0;198937;Cambio de Fase Total;18,41;0,34;0,17;0.000176;Agua enfriamiento;33.3;40.3;196401;0;0;196401;196401;Sin Cambio de Fase;4,49;0,5;0,44;0.000290;;16009,835;;2672;1237;9,144;19;940;SA-516-70;SA 214;"16""-150#RF";"16""-150#RF";"16""-300#RF";"16""-300#RF";Liso;23,8;Kellog;No-cr¡tico;2;2;NJM
AMC;OLEFINAS I;191-C;Rehervidor desetanizador 110-E1;TUBO/CARCASA;Fondo Desetanizador 110-E1;-10.8;-11.3;141176,7;0;49411;141176;92331;Cambio de Fase Parcial;17,39;0,03;0,07;0.0001761;Etileno;22.4;-5.3;57970;57970;0;0;57970;Cambio de Fase Total;35,48;0,2;0,07;0.0001761;;4606,455;;1302;2020;10,973;10,05;1194;SA-516-70;SA 179;"8""-300#RF";"8""-300#RF";"4-6""-300#RF";"4-10""-300#RF";Liso;23,81;Kellog;No-cr¡tico;1;1;BXM
AMC;OLEFINAS I;192-C;1er Condensador bomba de calor del 110-E;TUBO/CARCASA;Propileno;-25.4;-25.5;74831;11135;74831;63696;0;Cambio de Fase Parcial;1,47;0,02;0,01;0.000176;Etileno;-7,9;-20;203000;66461;0;136539;203000;Cambio de Fase Parcial;23,26;0,2;0,13;0.000176;;7342,57;;792.7;1584;8,534;19;1854;SA-516-70;SA 214;"12""-300#RF";"10""-300#RF";"12""-150#RF";"2-12""-150#RF";Liso;23,8;Kellog;No-cr¡tico;1;1;NKN
AMC;OLEFINAS I;193-C;2do Condensador bomba de calor del 110-E;TUBO/CARCASA;Propileno;-40,5;-40,6;11615;847;11615;10768;0;Cambio de Fase Parcial;0,36;0,02;0,02;0.000176;Etileno;-20;-26;203000;0;0;203000;203000;Sin Cambio de Fase;19,29;0,2;0,14;0.000176;;1293,3;;98;343;4,877;19,05;965;SA-516-70;SA 334 GR;"10""-300#RF";"10""-300#RF";"6""-150#RF";"10""-150#RF";Liso;23,81;Kellog;No-cr¡tico;1;1;BKM
AMC;OLEFINAS I;196-C;Enfriador Propileno producto;TUBO/CARCASA;Propileno Refrigerante;-40;-40;10040;1205;10040;8835;0;Cambio de Fase Parcial;0,36;0,02;0,02;0.000176;PropilenoProducto;46,3;-37;18684;70;;18684;18684;Cambio de Fase Parcial;21,99;0,35;0,2;0.000176;;10758,18;;71;199;6,096;19,05;714;SA-516-70;SA 334 GR1;"3""-300#RF";"3""-300#RF";"6""-300#RF";"6""-300#RF";Liso;23,81;Kellog;No-cr¡tico;1;1;BJM
AMC;OLEFINAS I;199-C A;Rehervidor debutanizador;TUBO/CARCASA;Fondo debutanizador;131,1;147,8;91572;8141;16653;83431;74919;Cambio de Fase Parcial;10,83;0,02;;0.000220;vapor;178;178;3056;3056;3056;0;0;Sin Cambio de Fase;8,59;0,06;0,06;0.00088;;1669,2;;44;82;4,572;19,05;438;SA-516-70;SA 214;"4""-150#RF";"3""-150#RF";"2-8""-150#RF";"2-8""-150#RF";Liso;25,4;Kellog;No-cr¡tico;1;1;AXU
AMC;OLEFINAS I;199-C B;Rehervidor debutanizador;TUBO/CARCASA;Fondo debutanizador;131,1;147,8;91572;8141;16653;83431;74919;Cambio de Fase Parcial;10,83;0,02;;0.000220;vapor;178;178;3056;3056;3056;0;0;Sin Cambio de Fase;8,59;0,06;0,06;0.00088;;1669,2;;44;82;4,572;19,05;438;SA-516-70;SA 214;"4""-150#RF";"3""-150#RF";"2-8""-150#RF";"2-8""-150#RF";Liso;25,4;Kellog;No-cr¡tico;1;1;AXU
AMC;OLEFINAS I;200-C;Enfriador de Propileno refrigerente;TUBO/CARCASA;Propileno;46;40,6;310606;0;0;301606;301606;Sin Cambio de Fase;17,84;0,34;0,3;0.000176;Agua Enfriamiento;33.3;40,3;174330;0;0;174330;174330;Sin Cambio de Fase;4,49;0,7;0,7;0.000294;;1487;;344;836;7;19,05;838;SA-516-70;SA 179;"8""-150#RF";"8""-150#RF";"12""-300#RF";"12""-300#RF";Liso;23,81;Kellog;Semi-cr¡tico;1;1;BEM
AMC;OLEFINAS I;202-C;Rehervidor desetanizador;TUBO/CARCASA;Fondos desetanizador;-10,8;-11,3;244694;0;85643;233694;159051;Cambio de Fase Parcial;17,32;0,04;;0.000176;Etileno;22,4;-5,3;99980;99980;0;0;99980;Cambio de Fase Total;35,48;0,2;0,1;0.000176;;7945,33;;2237;3491;10,973;19;1450;;;"10""-300#RF";"10""-300#RF";"4-8""-300#RF";"4-12""-300#RF";Liso;23,81;Kellog;No-cr¡tico;1;1;BXM
AMC;OLEFINAS I;203-C;Rehervidor demetanizador;TUBO/CARCASA;Fondo Demetanizador;-0,2;0,9;75910;0;38489;75910;37421;Cambio de Fase Parcial;33,44;0,02;0,02;0.000220;Propileno;47,3;41;26861;26861;0;0;26861;Cambio de Fase Total;18,37;0,34;0,27;0.000176;;2505;;77,5;130;4,877;19,05;889;SA-516-70;SA 214;"6""-300#RF";"6""-300#RF";"8""-300#RF";"Vap 2""-300#RF";Tubo en U;23,81;Kellog;No-cr¡tico;1;1;BKU
AMC;OLEFINAS I;207-C;Enfriador entrada demetanizador;TUBO/CARCASA;Etileno Refrigerante;-101,3;-101,6;2495;207;2495;2288;0;Cambio de Fase Parcial;0,16;0,01;0,01;0.000176;Gas de proceso;-90,1;-95,6;40950;9910;8772;31040;32178;Cambio de Fase Parcial;35,1;0,1;0,06;0.000176;;429100;;1302;458;4,877;19,05;720;SA-240-304;SA 208-TP304;"8""-300#RF";"8""-300#RF";"4""-150#RF";"2-4""-150#RF";Liso;23,81;Kellog;Semi-cr¡tico;1;1;BJM
AMC;OLEFINAS I;195-C;Enfriador del producto l¡quido de etileno;TUBO/CARCASA;Refrigerante de etileno;-101,1;-100,8;9133;*;9133;9133;*;Cambio de Fase Total;0,2;0,02;NIL;0,000176;Etileno;-28,9;-98;22919;*;*;22919;22919;Sin Cambio de Fase;18,99;0,35;0,13;0,000176;;1161,7;;86;240;6,096;19,05;610;SA-240-304;SA-249-TP304;"6""-300#RF";"6""-300#RF";"3""-150#RF";"TWO-8""-150#RF";Liso;23,81;Kellogg;No-cr¡tico;1;1;AJM
AMC;OLEFINAS I;126-C A;Rehervidor del Deetanizador;TUBO/CARCASA;Fondo del deetanizador;66,4;69,7;276125;*;96645;276125;179480;Cambio de Fase Parcial;20,85;0,03;;0,00022;Agua Caliente;108,4;75;191877;*;*;*;*;Sin Cambio de Fase;5,99;0,7;0,5;0,000352;;7740;;470;644;6,096;19,05;737;CS;CS;"6""-150#RF";"6""-150#RF";"TWO-8""-300#RF";"TWO-8""-300#RF";Liso;23,81;Kellogg;No-cr¡tico;1;2;AHS
AMC;OLEFINAS I;126-C B;Rehervidor del Deetanizador;TUBO/CARCASA;Fondo del deetanizador;66,4;69,7;276125;*;96645;276125;179480;Cambio de Fase Parcial;20,85;0,03;;0,00022;Agua Caliente;108,4;75;191877;*;*;*;*;Sin Cambio de Fase;5,99;0,7;0,5;0,000352;;7740;;470;644;6,096;19,05;737;CS;CS;"6""-150#RF";"6""-150#RF";"TWO-8""-300#RF";"TWO-8""-300#RF";Liso;23,81;Kellogg;No-cr¡tico;1;2;AHS
AMC;OLEFINAS I;133-C;Atemperador de propileno;TUBO/CARCASA;Propileno;90,8;47,5;265848;265848;;265848;;Cambio de Fase Parcial;19,15;0,7;0,22;0,000176;Agua;33,3;40,3;832990;-;;-;;Cambio de Fase Parcial;4,49;0,6;0,3;0,000294;;6723;;703;1980;6,096;19;1219;CS;CS;"18""-300#RF";"18""-300#RF";"16""-300#RF";"18""-300#RF";Liso;23.8;VAN DAM;Semi-cr¡tico;1;1;CJM
AMC;OLEFINAS I;135-C;Atemperador de refrigerante de etileno de nivel alto;TUBO/CARCASA;Etileno;68,9;40,6;40274,85;40274,85;40274,85;*;*;Cambio de Fase Parcial;17,95;0,63;0,24;0,000176;Agua;33,3;40,3;68999,7;*;*;*;*;Sin Cambio de Fase;4,49;0,41;0,23;0,000294;;561739,5;;143;501;4,878;19;637;CS;CS;"6""- 150#RF";"6""- 150#RF";"2 X 6""-150#RF";" 8""-150#RF";Liso;23,8;INDUSTRIAS METALURGIAS VAN DAM;No-cr¡tico;1;1;CJM
AMC;OLEFINAS I;136-C;Atemperador de refrigerante de etileno de nivel intermedio;TUBO/CARCASA;Propileno;-25,8;-25,8;38638;*;12879;38638;25759;Cambio de Fase Parcial;1,44;0,02;0,02;0,000176;Etileno;40,6;-19,4;51744;51744;51744;*;*;Sin Cambio de Fase;17,22;0,32;0,17;0,000176;;14871,81;;130;365;6,096;19;540;SA 516-55;SA 214;"8""- 300#RF";"8""- 300#RF";"2 X 6""-150#RF";"2 X 8""-150#RF";Liso;23,8;Kellogg;Semi-cr¡tico;1;1;BHM
AMC;OLEFINAS I;137-C A;Condensador de refrigerante de etileno;TUBO/CARCASA;Propileno;-41;-41;130692;*;43564;130692;87128;Cambio de Fase Parcial;0,34;0,02;0,02;0,000176;Etileno;-19,4;-33,9;51744;51744;*;*;51744;Cambio de Fase Total;16,89;0,53;0,5;0,000176;;5222,076;;1368;1598;7,315;19;1092;CS;CS;"6""-150#RF";"4""-150#RF";"3 X 6""-150#RF";"3 X 10""""-150#RF";Liso;23,8;Kellogg;Semi-cr¡tico;1;2;BHM
AMC;OLEFINAS I;137-C B;Condensador de refrigerante de etileno;TUBO/CARCASA;Propileno;-41;-41;130692;*;43564;130692;87128;Cambio de Fase Parcial;0,34;0,02;0,02;0,000176;Etileno;-19,4;-33,9;51744;51744;*;*;51744;Cambio de Fase Total;16,89;0,53;0,5;0,000176;;5222,076;;1368;1598;7,315;19;1092;CS;CS;"6""-150#RF";"4""-150#RF";"3 X 6""-150#RF";"3 X 10""""-150#RF";Liso;23,8;Kellogg;Semi-cr¡tico;1;2;BHM
AMC;OLEFINAS I;147-C;Demethanizer feed chiller;TUBO/CARCASA;Etileno;-62;-62;55416,9;*;18453,75;55416,9;18453,75;Cambio de Fase Parcial;5,98;0,07;0,07;0,000176;Alimentaci¢n Demet;-34,4;-58;32916,45;32916,45;17699,85;*;15216,6;Cambio de Fase Parcial;35,52;0;0,17;0,000352;;2011,8;;261;731;6,096;19;737;S.S.;SA-334 GR.3;"6""-300#RF";"8""-300#RF";"2 6""-150#RF";"2 6""-150#RF";Liso;23,8;Kellogg;Semi-cr¡tico;1;1;BHM
AMC;OLEFINAS I;129-C A;C3 SPLITTER REBOILER;TUBO/CARCASA;C3 SPLITTER FONDO;66,1;68,2;847,371;*;296,58;847,371;550,791;Cambio de Fase Parcial;19,72;0,02;0,02;0.000220;Agua;110,9;76;541,184;*;*;*;*;Sin Cambio de Fase;5,99;0,7;0,89;0.000352;;22821,58;;1,432;1344;6,096;19.05;1041;CS;CS;"8""-150#RF";"8""-150#RF";"10""-300#RF";"12""-300#RF";Liso;23,81;Kellogg;No-cr¡tico;1;3;AHS
AMC;OLEFINAS I;129-C B;C3 SPLITTER REBOILER;TUBO/CARCASA;C3 SPLITTER FONDO;66,1;68,2;847,371;*;296,58;847,371;550,791;Cambio de Fase Parcial;19,72;0,02;0,02;0.000220;Agua;110,9;76;541,184;*;*;*;*;Sin Cambio de Fase;5,99;0,7;0,89;0.000352;;22821,58;;1,432;1344;6,096;19.05;1041;CS;CS;"8""-150#RF";"8""-150#RF";"10""-300#RF";"12""-300#RF";Liso;23,81;Kellogg;No-cr¡tico;1;3;AHS
AMC;OLEFINAS I;129-C C;C3 SPLITTER REBOILER;TUBO/CARCASA;C3 SPLITTER FONDO;66,1;68,2;847,371;*;296,58;847,371;550,791;Cambio de Fase Parcial;19,72;0,02;0,02;0.000220;Agua;110,9;76;541,184;*;*;*;*;Sin Cambio de Fase;5,99;0,7;0,89;0.000352;;22821,58;;1,432;1344;6,096;19.05;1041;CS;CS;"8""-150#RF";"8""-150#RF";"10""-300#RF";"12""-300#RF";Liso;23,81;Kellogg;No-cr¡tico;1;3;AHS
AMC;OLEFINAS I;107-C;Calentador de circulaci¢n del depurador de pir¢lisis;TUBO/CARCASA;Vapor;138,3;138,3;15664;15664;0;0;15664;Cambio de Fase Total;2,42;0,14;0,03;0,000088;Agua de Enfriamiento;96,3;110,9;525000;0;;525000;525000;Sin Cambio de Fase;7,39;0,16;0,16;0,00026;;9,357;;255;355;6,096;19;533;C STL;C STL;"12""-150#RF";"12""-150#RF";"10""-150#RF";"3""-150#RF";Liso;23,8;Kellogg;No-cr¡tico;1;2;NEN
AMC;OLEFINAS I;206-C;Cooler de condensado de proceso;TUBO/CARCASA;Agua de enfriamiento;33,3;40,3;236330;*;;236330;26330;Cambio de Fase Parcial;4,49;0,62;0,57;0,00029;Agua de proceso;96,2;40,6;28639;*;;28639;28639;Cambio de Fase Parcial;1,04;0,55;0,55;0,00035;;1,9241;;775;326;6,096;19,05;610;SA-516-70;SA-179;"3""-150#RF";"3""-150#RF";"10""-150#RF";"10""-150#RF";Liso;25,4;Kellogg;No-cr¡tico;1;3;AES
AMC;OLEFINAS II;E-102;BFW PREHEATER;TUBO/CARCASA;Agua de alimentacion a Caldera;120;198;37949;0;0;37949;37949;Sin Cambio de Fase;75;-;;-;Gas Crackeado;32;42;37490,7;37490,7;37490,7;0;0;Sin Cambio de Fase;1,8;-;;-;;3563098;;166;905;2400;1;1066;SA537 CL 1;SA209 GR T1;-;-;-;;-;32;;No-cr¡tico;1;6;BEM
AMC;OLEFINAS II;E-2802 A;Trim cooler;TUBO/CARCASA;Gas Crackeado;57;37;170175,5;128540;121348,4;41635,5;48827,1;Cambio de Fase Parcial;1,64;-;;-;Agua de enfriamiento;361;230;618181;0;0;618181;618181;Sin Cambio de Fase;5,5;-;;-;;7176000;;1045,6;2298;6100;1;2240;SA537 CL 1;SA179;-;-;-;;-;32;;No-cr¡tico;2;1;BXS
AMC;OLEFINAS II;E-2802 B;Trim cooler;TUBO/CARCASA;Gas Crackeado;57;37;170175,5;128540;121348,4;41635,5;48827,1;Cambio de Fase Parcial;1,64;-;;-;Agua de enfriamiento;361;230;618181;0;0;618181;618181;Sin Cambio de Fase;5,5;-;;-;;7176000;;1045,6;2298;6100;1;2240;SA537 CL 1;SA179;-;-;-;;-;32;;No-cr¡tico;2;1;BXS
AMC;OLEFINAS II;E-3002 A;Procces steam generator;TUBO/CARCASA;Vapor-PR;179,6;183,2;36645,4;0;35845,4;36645,4;800;Cambio de Fase Parcial;11,1;-;;-;Vapor-MP;280;195,6;33440,7;33440,7;0;0;33440,7;Cambio de Fase Total;14,3;-;;-;;20094200;;813;1700;6100;1;1942;SA537 CL 1;SA179;-;-;-;;-;32;;No-cr¡tico;1;2;BKU
AMC;OLEFINAS II;E-3002 B;Procces steam generator;TUBO/CARCASA;Vapor-PR;179,6;183,2;36645,4;0;35845,4;36645,4;800;Cambio de Fase Parcial;11,1;-;;-;Vapor-MP;280;195,6;33440,7;33440,7;0;0;33440,7;Cambio de Fase Total;14,3;-;;-;;20094200;;813;1700;6100;1;1942;SA537 CL 1;SA179;-;-;-;;-;32;;No-cr¡tico;1;2;BKU
AMC;OLEFINAS II;E-3005;Blow down water cooler;TUBO/CARCASA;Agua de enfriamiento;32;44;35569;0;0;35569;35569;Sin Cambio de Fase;5,5;-;;-;Agua de procesos;111,5;45;2999,99;424,29;0;2575,7;3000;Cambio de Fase Parcial;1,5;-;;-;;495118;;46,751;122;4900;1;488;SA515 GR.60;SA179;-;-;-;;-;32;;No-cr¡tico;1;1;BES
AMC;OLEFINAS II;E-3101 A;Cracked gas 1st stage intercooler;TUBO/CARCASA;Gas crackeado;60,4;37;123944,7;123944,7;119574,3;0;4420,4;Cambio de Fase Parcial;2,9;-;;-;Agua de enfriamiento;32;48;245653,8;0;0;245653,8;245653,8;Sin Cambio de Fase;5,5;-;;-;;4562600;;878,6;1944;6100;1;1942;SA537 CL1;SA179;-;-;-;;-;32;;No-cr¡tico;2;1;BXS
AMC;OLEFINAS II;E-3101 B;Cracked gas 1st stage intercooler;TUBO/CARCASA;Gas crackeado;60,4;37;123944,7;123944,7;119574,3;0;4420,4;Cambio de Fase Parcial;2,9;-;;-;Agua de enfriamiento;32;48;245653,8;0;0;245653,8;245653,8;Sin Cambio de Fase;5,5;-;;-;;4562600;;878,6;1944;6100;1;1942;SA537 CL1;SA179;-;-;-;;-;32;;No-cr¡tico;2;1;BXS
AMC;OLEFINAS II;E-3102 A;Cracked gas 2nd stage intercooler;TUBO/CARCASA;Gas crackeado;66;37;121790,7;121790,7;1184548,2;0;3242,5;Cambio de Fase Parcial;5,6;-;;-;Agua de enfriamiento;32;48;223340;0;0;223340;223340;Sin Cambio de Fase;5,5;-;;-;;4148100;;761,2;1684;6100;1;1942;SA537 CL1;SA179;-;-;-;;-;32;;No-cr¡tico;2;1;BXS
AMC;OLEFINAS II;E-3102 B;Cracked gas 2nd stage intercooler;TUBO/CARCASA;Gas crackeado;66;37;121790,7;121790,7;1184548,2;0;3242,5;Cambio de Fase Parcial;5,6;-;;-;Agua de enfriamiento;32;48;223340;0;0;223340;223340;Sin Cambio de Fase;5,5;-;;-;;4148100;;761,2;1684;6100;1;1942;SA537 CL1;SA179;-;-;-;;-;32;;No-cr¡tico;2;1;BXS
AMC;OLEFINAS II;E-3103 A;Cracked gas 3rd stage intercooler;TUBO/CARCASA;Gas crackeado;70;37;120253,7;120253,7;117015,4;0;3238,3;Cambio de Fase Parcial;10,6;-;;-;Agua de enfriamiento;32;48;208611,3;0;0;208611,3;208611,3;Sin Cambio de Fase;5,5;-;;-;;3874600;;572,8;1148;6100;1;1554;SA537 CL1;SA179;-;-;-;;-;32;;No-cr¡tico;2;1;BES
AMC;OLEFINAS II;E-3103 B;Cracked gas 3rd stage intercooler;TUBO/CARCASA;Gas crackeado;70;37;120253,7;120253,7;117015,4;0;3238,3;Cambio de Fase Parcial;10,6;-;;-;Agua de enfriamiento;32;48;208611,3;0;0;208611,3;208611,3;Sin Cambio de Fase;5,5;-;;-;;3874600;;572,8;1148;6100;1;1554;SA537 CL1;SA179;-;-;-;;-;32;;No-cr¡tico;2;1;BES
AMC;OLEFINAS II;E-3104 A;Cracked gas 4th stage intercooler;TUBO/CARCASA;Gas crackeado;73,2;60;118552,9;118552,9;117793,8;0;759,1;Cambio de Fase Parcial;19,7;-;;-;Agua de enfriamiento;32;48;77632,4;0;0;77632,4;77632,4;Sin Cambio de Fase;5,5;-;;-;;1441900;;143,9;312;6100;1;968;SA537 CL1;SA179;-;-;-;;-;32;;No-cr¡tico;1;1;BES
AMC;OLEFINAS II;E-3104 B;Cracked gas 4th stage intercooler;TUBO/CARCASA;Gas crackeado;60;37;117771,2;117771,2;115888,8;0;1882,4;Cambio de Fase Parcial;19,3;-;;-;Agua de enfriamiento;32;45,4;140400;0;0;140400;140400;Sin Cambio de Fase;5,5;-;;-;;2184900;;392,8;860;6100;1;1456;SA537 CL1;SA179;-;-;-;;-;32;;No-cr¡tico;2;1;BES
AMC;OLEFINAS II;E-3104 C;Cracked gas 4th stage intercooler;TUBO/CARCASA;Gas crackeado;60;37;117771,2;117771,2;115888,8;0;1882,4;Cambio de Fase Parcial;19,3;-;;-;Agua de enfriamiento;32;45,4;140400;0;0;140400;140400;Sin Cambio de Fase;5,5;-;;-;;2184900;;392,8;860;6100;1;1456;SA537 CL1;SA179;-;-;-;;-;32;;No-cr¡tico;2;1;BES
AMC;OLEFINAS II;E-3105 A;Cracked gas 5th stage intercooler;TUBO/CARCASA;Gas crackeado;77,3;43;122408,6;122408,6;121296,8;0;1111,8;Cambio de Fase Parcial;18,9;-;;-;Agua de enfriamiento;32;48;165699,2;0;0;165699,2;165699,2;Sin Cambio de Fase;5,5;-;;-;;3270100;;209,9;460;6100;1;1066;SA537 CL1;SA179;-;-;-;;-;32;;No-cr¡tico;2;1;BES
AMC;OLEFINAS II;E-3105 B;Cracked gas 5th stage intercooler;TUBO/CARCASA;Gas crackeado;77,3;43;122408,6;122408,6;121296,8;0;1111,8;Cambio de Fase Parcial;18,9;-;;-;Agua de enfriamiento;32;48;165699,2;0;0;165699,2;165699,2;Sin Cambio de Fase;5,5;-;;-;;3270100;;209,9;460;6100;1;1066;SA537 CL1;SA179;-;-;-;;-;32;;No-cr¡tico;2;1;BES
AMC;OLEFINAS II;E-3501;Spent caustic cooler;TUBO/CARCASA;Soda casutica gastada;60;40;3111;0;0;3111;3111;Sin Cambio de Fase;5,5;-;;-;Agua de enfriamiento;32;39;7074;0;0;7074;7074;Sin Cambio de Fase;5,5;-;;-;;57500;;11,2;24;6100;1;260;SA106 GRA;SA179;-;-;-;;-;32;;No-cr¡tico;1;1;SRFH
AMC;OLEFINAS II;E-3601;C2-Hydrogenation heater;TUBO/CARCASA;LP-  Vapor/Condensado;133,6;133;8722,7;8722,7;0;0;8722,7;Cambio de Fase Total;3;-;;-;Gas crackeado;43;110;121295,5;121295,5;121295,5;0;0;Sin Cambio de Fase;37,45;-;;-;;5247000;;198,59;694;3700;1;1066;SA537 CL1;SA179;-;-;-;;-;32;;No-cr¡tico;1;1;U-Tube
AMC;OLEFINAS II;E-3602;C2-Hydrogenation cooler I;TUBO/CARCASA;Gas crackeado;150;60;121295,5;121295,5;121295,5;0;0;Sin Cambio de Fase;36,6;-;;-;Agua de enfriamiento;32;48;384976,1;0;0;384976,1;384976,1;Sin Cambio de Fase;5,5;-;;-;;7150200;;290,6;792;4900;1;1260;SA537 CL1;SA179;-;-;-;;-;32;;No-cr¡tico;1;1;BES
AMC;OLEFINAS II;E-3603;C2-Hydrogenation cooler I;TUBO/CARCASA;Gas crackeado;150;60;121295,5;121295,5;121295,5;0;0;Sin Cambio de Fase;36,6;-;;-;Agua de enfriamiento;32;48;384976,1;0;0;384976,1;384976,1;Sin Cambio de Fase;5,5;-;;-;;7150200;;290,6;792;4900;1;1260;SA537 CL1;SA179;-;-;-;;-;32;;No-cr¡tico;1;1;BES
AMC;OLEFINAS II;E-3604 A;C2-Hydrogenation cooler III;TUBO/CARCASA;Gas crackeado;110;37;121295;121295;119946,1;0;1349,4;Cambio de Fase Parcial;35,9;-;;-;Agua de enfriamiento;32;48;311572;0;0;311572;311572;Sin Cambio de Fase;5,5;-;;-;;5786900;;416,7;920;6100;1;1358;SA537 CL1;SA179;-;-;-;;-;32;;No-cr¡tico;2;1;BES
AMC;OLEFINAS II;E-3604 B;C2-Hydrogenation cooler III;TUBO/CARCASA;Gas crackeado;110;37;121295;121295;119946,1;0;1349,4;Cambio de Fase Parcial;35,9;-;;-;Agua de enfriamiento;32;48;311572;0;0;311572;311572;Sin Cambio de Fase;5,5;-;;-;;5786900;;416,7;920;6100;1;1358;SA537 CL1;SA179;-;-;-;;-;32;;No-cr¡tico;2;1;BES
AMC;OLEFINAS II;E-3704;Condensate heater;TUBO/CARCASA;LP- Vapor;133,6;133,1;402;402;0;0;402;Cambio de Fase Total;3;-;;-;Condensado;15;48;8743,9;0;741;8743,9;8002;Cambio de Fase Parcial;35,5;-;;-;;244400;;11,19;48;3000;1;310;SA106 GR.B;SA179;-;-;-;;-;32;;No-cr¡tico;1;1;BEU
AMC;OLEFINAS II;E-3801;Reboiler deethanizer I;TUBO/CARCASA;C2/C3+;24,9;31,3;125167,4;0;38534,2;125167,4;86633,2;Cambio de Fase Parcial;34,7;-;;-;C3H6;57,1;44,7;293744,4;0;0;293744,4;293744,4;Sin Cambio de Fase;23,9;-;;-;;3090300;;248,14;634;4900;1;968;SA537 CL1;SA334 GR.1;-;-;-;;-;32;;Semi-cr¡tico;1;1;BHU
AMC;OLEFINAS II;E-3802;Reboiler deethanizer II;TUBO/CARCASA;LP-Vapor;133,6;133;12492;12492;0;0;12492;Cambio de Fase Total;3;-;;-;C3+;72;73,4;377060;0;109347;377060;267713;Cambio de Fase Parcial;26,8;-;;-;;7509999;;398,95;1724;3000;1;1456;SA537 CL1;SA334 GR.1;-;-;-;-;-;32;;No-cr¡tico;1;1;BEM
AMC;OLEFINAS II;E-4101;Reflux condenser Demethanizer;TUBO/CARCASA;LP C -Ref;-101,7;-101,7;6100,6;673,6;6100,6;5427;0;Cambio de Fase Parcial;1,14;-;;-;C1/C2;.-95;-96;31130;31130;21687,1;0;9442,9;Cambio de Fase Parcial;31,6;-;;-;;720900;;233;572;4880;1;1300;SA213;SA240 GR.304;-;-;-;-;-;32;;Semi-cr¡tico;1;1;BKU
AMC;OLEFINAS II;E-4305;Subcooler II;TUBO/CARCASA;C2-Producto;-32,76;25;43820;43820;43820;0;0;Sin Cambio de Fase;18;-;;-;C3;37,81;26,9;162188;0;0;162188;162188;Sin Cambio de Fase;22,8;-;;-;;1324493;;222,15;464;6100;1;870;SA334 GR.1;SA537 CL,1;-;-;-;-;-;32;;No-cr¡tico;1;1;U-Tube
AMC;OLEFINAS II;E-4402;Suction drum vaporizer;TUBO/CARCASA;ND C2H4-Ref;-101,9;-102,7;3421,4;0;3421,4;3421,4;0;Cambio de Fase Total;1,12;-;;-;C2H4-Ref desde la tercera etapa;.-32,6;-43,6;33638,9;0;0;33638,9;33638,9;Sin Cambio de Fase;18,1;-;;-;;454100;;8,5;98;1000;1;388;SA214 GR.TP304;SA240 GR.305;-;-;-;-;-;32;;No-cr¡tico;1;1;U-Tube
AMC;OLEFINAS II;E-4602;Suction drum vaporizer;TUBO/CARCASA;ND C3H6-Ref;-38;-38;16875,7;0;16875,7;16875,7;0;Cambio de Fase Total;1,54;-;;-;C3H6-Ref horno. cuarta etapa;44,9;33,7;277146,6;0;0;277146,6;277146,6;Sin Cambio de Fase;23,75;-;;-;;2003000;;92,39;442;2440;1;772;SA334 GR.1;SA537 CL,1;-;-;-;-;-;32;;No-cr¡tico;1;1;U-Tube
AMC;OLEFINAS II;E-4603;Propylene refrigerant cooler I;TUBO/CARCASA;C3H6-refrigerante;103,82;88,21;214584;214584;214584;0;0;Sin Cambio de Fase;24,1;-;;-;Etano para horno;5,93;51,2;83685;83685;83685;0;0;Sin Cambio de Fase;7,2;-;;-;;1992998;;206,4;719;3700;1;1066;SA537 CL1;SA179;-;-;-;-;-;32;;Semi-cr¡tico;1;1;Fix. Tubes
AMC;OLEFINAS II;E-4604;Propylene refrigerant cooler II;TUBO/CARCASA;C3H6-refrigerante;102,3;57;243527,6;243527,6;225702,2;0;17825,4;Cambio de Fase Parcial;24,02;-;;-;Propano para hornos;22,1;52,3;109726;42244,9;109726;67481,1;0;Cambio de Fase Parcial;8,64;-;;-;;4163000;;506,5;1334;4900;1;1456;SA537 CL1;SA179;-;-;-;-;-;32;;Cr¡tico;1;1;BJU
AMC;OLEFINAS II;E-5101;Reboiler depropanizer;TUBO/CARCASA;LP-Vapor;133,6;133,5;6638,8;6638,8;0;0;6638,8;Cambio de Fase Total;3;-;;-;C4+;86,6;57,9;273604,3;0;46389,5;273604,3;227214,8;Cambio de Fase Parcial;11,8;-;;-;;3989899;;170,32;736;3000;1;968;SA537 CL1;SA179;-;-;-;-;-;32;;No-cr¡tico;1;1;BEM
AMC;OLEFINAS II;E-5101 R;Reboiler depropanizer;TUBO/CARCASA;LP-Vapor;133,6;133,5;6638,8;6638,8;0;0;6638,8;Cambio de Fase Total;3;-;;-;C4+;86,6;57,9;273604,3;0;46389,5;273604,3;227214,8;Cambio de Fase Parcial;11,8;-;;-;;3989899;;170,32;736;3000;1;968;SA537 CL1;SA179;-;-;-;-;-;32;;No-cr¡tico;1;1;BEM
AMC;OLEFINAS II;E-5102 A;Overhead condenser depropanizer;TUBO/CARCASA;C3-;28,7;27,6;61582;61582;0;0;61582;Cambio de Fase Total;11,6;-;;-;Alimentacion de propano;14,8;21,8;68458,1;0;55938,6;68458,1;12519,5;Cambio de Fase Parcial;8,9;-;;-;;5638000;;847,03;1470;7300;1;1358;SA537 CL1;SA334 GR.1;-;-;-;-;-;32;;No-cr¡tico;1;2;U-Tube
AMC;OLEFINAS II;E-5102 B;Overhead condenser depropanizer;TUBO/CARCASA;C3-;28,7;27,6;61582;61582;0;0;61582;Cambio de Fase Total;11,6;-;;-;Alimentacion de propano;14,8;21,8;68458,1;0;55938,6;68458,1;12519,5;Cambio de Fase Parcial;8,9;-;;-;;5638000;;847,03;1470;7300;1;1358;SA537 CL1;SA334 GR.1;-;-;-;-;-;32;;No-cr¡tico;1;2;U-Tube
AMC;OLEFINAS II;E-5103;Trim condenser;TUBO/CARCASA;C3H6 Refrigerante;10.01;10;11608,2;11608,2;17.09;0;0;Cambio de Fase Parcial;7,77;-;;-;C3-;20,7;27,6;36949,2;36949,2;0;0;36949,2;Cambio de Fase Total;11,6;-;;-;;338200;;252,6;422;7300;1;758;SA537 CL1;SA334 GR.1;-;-;-;-;-;32;;No-cr¡tico;1;1;U-Type
AMC;OLEFINAS II;E-5503;Propylene trim cooler;TUBO/CARCASA;C3H6;67,8;53,5;268845,4;268845,4;268845,4;0;0;Sin Cambio de Fase;19,17;-;;-;Agua de enfriamiento;32;46;134482,1;0;0;134482,1;134482,1;Sin Cambio de Fase;5,5;-;;-;;2185300;;252,7;660;4900;1;1164;SA537 CL1;SA179;-;-;-;-;-;32;;No-cr¡tico;1;1;BEM
AMC;OLEFINAS II;E-5701;Reboiler debutanizer;TUBO/CARCASA;MP-Vapor;170,4;170,4;2343,6;2343,6;0;0;2343,6;Cambio de Fase Total;08.0;-;;-;Fraccion C5-;131;133,1;77063;0;13650;77063;63412;Cambio de Fase Parcial;8,2;-;;-;;1322999;;56,69;245;3000;1;578;SA537 CL1;SA179;-;-;-;-;-;32;;No-cr¡tico;1;1;BEM
AMC;OLEFINAS II;E-5701 R;Reboiler debutanizer;TUBO/CARCASA;MP-Vapor;170,4;170,4;2343,6;2343,6;0;0;2343,6;Cambio de Fase Total;08.0;-;;-;Fraccion C5-;131;133,1;77063;0;13650;77063;63412;Cambio de Fase Parcial;8,2;-;;-;;1322999;;56,69;245;3000;1;578;SA537 CL1;SA179;-;-;-;-;-;32;;No-cr¡tico;1;1;BEM
AMC;OLEFINAS II;E-6101;First stage reacotr Feed/Effluent exchanger;TUBO/CARCASA;H2+HC (efluente);147;84;21915;2126;460;19789;21455;Cambio de Fase Parcial;19;-;;-;H2+HC (alimentacion);41;100;27394;329;1068;27065;26326;Cambio de Fase Parcial;22;-;;-;;1000000;;125,8;272;6100;1;676;SA537 CL1;SA179;-;-;-;-;-;32;;No-cr¡tico;1;1;BES
AMC;OLEFINAS II;E-6102;First stage reactor start up heater;TUBO/CARCASA;LP-Vapor;133;133;1666,4;1666,4;0;0;1666,4;Cambio de Fase Total;3;-;;-;H2+HC;41;100;27394;329;1068;27065;26326;Cambio de Fase Parcial;22;-;;-;;1000000;;125,8;272;6100;1;676;SA537 CL1;SA179;-;-;-;-;-;32;;No-cr¡tico;1;1;Fixed tubes
AMC;OLEFINAS II;E-6103;First stage post condenser;TUBO/CARCASA;H2+HC;98;40;27393,99;821,99;247;26572;27147;Cambio de Fase Parcial;17,3;-;;-;Agua de enfriamiento;32;40;102250;0;0;102250;102250;Sin Cambio de Fase;5,5;-;;-;;950000;;139,6;250;7300;1;676;SA515 GR,60;SA179;-;-;-;-;-;32;;No-cr¡tico;1;1;SRFH
AMC;OLEFINAS II;E-6201;Stabilizer condenser;TUBO/CARCASA;H2+HC;89;46;2035;2035;41,664;0;1994;Cambio de Fase Parcial;8,9;-;;-;Agua de enfriamiento;32;48;18800;0;0;18800;18800;Sin Cambio de Fase;5,5;-;;-;;219000;;47,6;132;3700;1;700;SA515 GR,60;SA179;-;-;-;-;-;32;;No-cr¡tico;1;1;Full throw
AMC;OLEFINAS II;E-6202;Stabilizer reboiler;TUBO/CARCASA;MP-Vapor;196;196;822;822;0;0;822;Cambio de Fase Total;14,5;-;;-;HC;160;162,1;40288;0;4780;40288;35453;Cambio de Fase Parcial;9;-;;-;;447000;;21;98;3000;1;388;SA515 GR,60;SA179;-;-;-;-;-;32;;No-cr¡tico;1;1;Fixed Tubes
AMC;OLEFINAS II;E-6203;Stabilizer Feed/bottom Exchanger;TUBO/CARCASA;H2+HC (Alimentacion);41;106,8;6733;0;12,996;6733;6722;Cambio de Fase Parcial;9,3;-;;-;HC (Fondo);164,4;107;6694;0;0;6694;6694;Sin Cambio de Fase;11,3;-;;-;;245000;;22,5;40;7300;1;310;SA106 GR,A;SA179;-;-;-;-;-;32;;No-cr¡tico;1;1;SRFH
AMC;OLEFINAS II;E-6204;Gasoline cooler;TUBO/CARCASA;HC;107;50;6694;0;0;6694;6694;Sin Cambio de Fase;10,8;-;;-;agua de enfriamiento;32;42;18240;0;0;18240;18240;Sin Cambio de Fase;5,5;-;;-;;212000;;14,8;40;4900;1;310;SA106 GR,A;SA179;-;-;-;-;-;32;;No-cr¡tico;1;1;SRFH
AMC;OLEFINAS II;E-6302;Rerun column bottom cooler;TUBO/CARCASA;MP-Vapor;196;196;843,98;843,98;0;0;843,98;Cambio de Fase Total;14,5;-;;-;HC;180,6;185,5;19482;0;4870;19482;14612;Cambio de Fase Parcial;1,6;-;;-;;459000;;244,1;905;3700;1;1066;SA106 GR,A;SA179;-;-;-;-;-;32;;No-cr¡tico;1;1;Fixed tubes
AMC;OLEFINAS II;E-6302 R;Rerun column bottom cooler;TUBO/CARCASA;MP-Vapor;196;196;843,98;843,98;0;0;843,98;Cambio de Fase Total;14,5;-;;-;HC;180,6;185,5;19482;0;4870;19482;14612;Cambio de Fase Parcial;1,6;-;;-;;459000;;244,1;905;3700;1;1066;SA106 GR,A;SA179;-;-;-;-;-;32;;No-cr¡tico;1;1;Fixed tubes
AMC;OLEFINAS II;E-6303;Rerun column reboiler;TUBO/CARCASA;Agua de enfriamiento;32;37;7800;0;0;7800;7800;Sin Cambio de Fase;5,5;-;;-;HC;181;50;694;0;0;694;694;Sin Cambio de Fase;10,7;-;;-;;153000;;7,5;16;6100;1;260;SA106 GR,A;SA179;-;-;-;-;-;32;;No-cr¡tico;1;1;SRFH
AMC;OLEFINAS II;E-6304;Feed preheater;TUBO/CARCASA;MP-Vapor;196,3;196,3;1416;1416;0;0;1416;Cambio de Fase Total;14,5;-;;-;HC;43;108;7500;0;5230;7500;2250;Cambio de Fase Parcial;2;-;;-;;770000;;26,6;98;3700;1;368;SA515 GR,60;SA179;-;-;-;-;-;32;;No-cr¡tico;1;1;Fixed tubes
AMC;OLEFINAS II;E-7201;Ethylene cooler;TUBO/CARCASA;C2H4-Ref;43,4;37,8;14870,7;14870,7;14870,7;0;0;Sin Cambio de Fase;15,39;-;;-;Agua de enfriamiento;32;33,6;21686;0;0;21686;21686;Sin Cambio de Fase;9;-;;-;;40300;;15,64;72;3000;1;388;SA515 GR,60;SA179;-;-;-;-;-;32;;No-cr¡tico;1;1;SRFH
AMC;OLEFINAS II;E-7202 (Normal);ethylene condenser;TUBO/CARCASA;C3H6-Ref;-47,5;47,5;18937,4;2400,4;18937,4;16537;0;Cambio de Fase Parcial;1,03;-;;-;C2H4-Ref;37,8;-40;14870,7;14870,7;0;0;14870,7;Cambio de Fase Total;15,29;-;;-;;2037900;;497;824;7300;1;1;SA203, GR.D;SA334 Gr,3;-;-;-;-;-;32;;No-cr¡tico;1;1;U-Tube
AMC;OLEFINAS II;E-7202 (Bypass);ethylene condenser;TUBO/CARCASA;C3H6-Ref;-47,5;-38,4;4182,3;418,3;17395;3764;0;Cambio de Fase Parcial;1,03;-;;-;C2H4-Ref;37,8;-40,1;0;-;;-;;Cambio de Fase Parcial;15,29;-;;-;;0;;;;;1;;SA203, GR.D;SA334 Gr,3;-;-;-;-;-;32;;No-cr¡tico;1;1;U-Tube
AMC;OLEFINAS II;E-7401;Propylene condenser;TUBO/CARCASA;C3H6-Ref;100,61;48,77;43472;43472;0;0;43472;Cambio de Fase Total;20,2;-;;-;Agua de enfriamiento;32;44,8;319735;0;0;319735;319735;Sin Cambio de Fase;9;-;;-;;4752790;;779,37;1712;6100;1;1554;SA537 CL.1;SA179;-;-;-;-;-;32;;No-cr¡tico;1;1;SRFH
AMC;OLEFINAS II;E-8203;Boiler feedwater cooler;TUBO/CARCASA;Condensado de turbina;57,3;32;124620;0;0;124620;124620;Sin Cambio de Fase;6;-;;-;Agua de alimentacion a caldera;121,7;68;10800;0;0;10800;10800;Sin Cambio de Fase;78;-;;-;;679000;;31,03;80;4900;1;388;SA515 GR,60;SA179;-;-;-;-;-;32;;No-cr¡tico;1;1;BEU
AMC;OLEFINAS II;E-8205;Flash steam condenser;TUBO/CARCASA;Vapor A,B / condensado A,B,E;100;100;3370;3370;0;0;3370;Cambio de Fase Total;1;-;;-;Condensado de turbina;62;76,76,7;124620;0;0;124620;124620;Sin Cambio de Fase;5,8;-;;-;;2115000;;59,8;156;4900;1;488;SA515 GR,60;SA179;-;-;-;-;-;32;;Semi-cr¡tico;1;1;BJM
AMC;OLEFINAS II;E-8601;Regeneration gas heater;TUBO/CARCASA;HPII- Vapor/Condensado;399;257,9;1407,3;1407,3;0;0;1407,3;Cambio de Fase Total;45,8;-;;-;Gas de regeneracion;33;200;5319,4;5319,4;5319,4;0;0;Sin Cambio de Fase;4,8;-;;-;;812500;;26,9;164;3000;1;578;SA387 GR.12 Cl.2;SA213 GR.T12;-;-;-;-;-;32;;No-cr¡tico;1;1;U-tube
AMC;OLEFINAS II;E-8801;Blown down vaporizer;TUBO/CARCASA;LP-Vapor/Condensado;133,6;60;2536;2536;0;0;2536;Cambio de Fase Total;3;-;;-;C3- Hidrocarburos;.-37,10;-36,7;14837,2;0;14837,2;14837,2;0;Cambio de Fase Total;1,5;-;;-;;1742500;;104,2;496;2400;1;870;SA515 GR,60;SA213 GR.TP304 o 321;-;-;-;-;-;32;;No-cr¡tico;1;1;U-tube
